URL,Title,Description,Paragraphs,Date,Author,Publisher,Keywords,Image,Tags
https://www.detik.com/edu/detikpedia/d-6594566/apa-itu-hak-asasi-manusia-begini-macam-macam-ham-dan-hak-dasar-manusia,Apa Itu Hak Asasi Manusia? Begini Macam-macam HAM dan Hak Dasar Manusia,"HAM adalah hak dasar yang dimiliki manusia sejak lahir. Simak pengertian HAM menurut ahli, jenis dan ciri-ciri HAM, serta hak dasar manusia di sini.","Apa itu hak asasi manusia? Hal ini kerap ditanyakan, mengapa begitu penting? Di Indonesia, bahkan terdapat komisi nasional hak asasi manusia (Komnas HAM). Menjawab pertanyaan tersebut, simak penjelasan tentang apa itu HAM, ciri-cirinya, hingga macam-macam HAM berikut. UU No. 39 tahun 1999 tentang Hak Asasi Manusia menyatakan bahwa HAM adalah seperangkat hak yang melekat pada hakikat dan keberadaan manusia sebagai anugerah Tuhan Yang Maha Esa dan merupakan anugerah-Nya yang wajib dihormati, dijunjung tinggi, dan dilindungi oleh negara, hukum, pemerintahan, dan setiap orang demi kehormatannya serta perlindungan harkat dan martabat manusia. 
ADVERTISEMENT
 
SCROLL TO CONTINUE WITH CONTENT
 Singkatnya, HAM adalah hak dasar yang dimiliki manusia sejak lahir, berlaku di manapun dan kapanpun serta tidak bisa diganggu gugat. Mengutip dari Buku Modul Pembelajaran PPKN Kelas XI oleh Kemendikbud, berikut adalah pengertian HAM menurut para ahli: Hak asasi manusia adalah hak kodrati yang diberikan Tuhan kepada manusia. Oleh sebab itu, HAM memiliki sifat yang mendasar dan suci karena tidak ada yang bisa mencabutnya. Hak asasi manusia adalah anugerah dari Tuhan Yang Maha Esa kepada manusia sejak lahir berupa hak-hak dasar. Hak dan kewajiban yang ada didasari oleh hak-hak asasi. HAM adalah hak-hak yang mendasar pada setiap manusia yang mana manusia tidak bisa hidup sebagai manusia semestinya tanpa HAM. Makna dari hak asasi manusia sendiri didefinisikan oleh beberapa ciri-ciri pokok hak asasi manusia. Berikut adalah ciri-ciri HAM: Hakiki artinya hak asasi manusia adalah hak asasi yang sudah ada sejak sejak semua umat manusia lahir. Universal artinya hak asasi manusia terus berlaku kepada semua orang tanpa memandang status, suku bangsa, gender, dan sebagainya. Tidak dapat dicabut artinya hak asasi manusia tidak dapat dicabut maupun diserahkan kepada pihak lain. Tidak dapat dibagi artinya HAM meliputi baik hak sipil, politik, ekonomi, sosial, dan budaya yang mana semua orang berhak mendapat semua hak itu. Berdasarkan UU Nomor 39 Tahun 1999 tentang Hak Asasi Manusia, terdapat 10 hak dasar manusia sebagai berikut: Setelah mengetahui apa itu HAM hingga 10 hak dasar manusia, kenali juga pembagian jenis hak asasi manusia beserta contohnya. Berikut macam-macam HAM dan contohnya: â¢ Kebebasan masuk dan mengikuti suatu organisasi. â¢ Kebebasan mengusulkan pendapat. â¢ Kebebasan untuk memilih, memeluk, dan menjalankan agama dan kepercayaan. â¢ Hak menjadi warga negara. â¢ Hak untuk memilih dan dipilih. â¢ Hak untuk masuk dan mendirikan partai politik. â¢ Hak memiliki, mencari, dan mengumpulkan kekayaan. â¢ Kebebasan memilih pekerjaan. â¢ Hak untuk menjual, membeli, dan menyewa. â¢ Hak untuk mendapatkan perlakuan yang sama dalam hukum dan pemerintahan. â¢ Hak untuk mengembangkan dan berpartisipasi dalam budaya. â¢ Hak untuk mendapatkan perlindungan terhadap karya cipta. â¢ Hak untuk mendapatkan pendidikan, kesehatan, kesejahteraan, dan pendidikan yang lain. Hak dalam mendapat peradilan dan perlindungan untuk penahanan, penangkapan, peradilan, penyitaan, atau penggeledahan. Nah, itu dia penjelasan mengenai hak asasi manusia, mulai dari pengertian hingga macam-macam HAM. Bagaimana, apakah sudah memahami apa itu hak asasi manusia? Semoga menambah wawasan detikers dan jangan lupa untuk menghormati hak asasi orang lain, ya!",N/A,Martha Grattia,N/A,"ham,hak universal,hak dasar,hak hakiki,peradilan,hukum",https://awsimages.detik.net.id/api/wm/2014/11/07/5ad60310-8143-4a84-a366-1ad891b809de_169.jpg?wid=54&w=650&v=1&t=jpeg,
https://www.detik.com/edu/detikpedia/d-7278677/pakar-ugm-sebut-pelaku-kekerasan-pada-anak-cenderung-terganggu-mentalnya,Pakar UGM Sebut Pelaku Kekerasan pada Anak Cenderung Terganggu Mentalnya,Ini penjelasan pakar psikologi UGM soal kondisi pelaku kekerasan anak yang cenderung punya gangguan mental.,"Kekerasan pada anak saat ini kian meningkat. Dari data Komisi Nasional Perlindungan Anak (Komnas PA) 2023, dilaporkan ada sebanyak 3.547 kasus kekerasan anak di Indonesia. Lebih parahnya, sebanyak 35% kekerasan anak terjadi di lingkup lingkungan terdekat korban. Sebagian besar kekerasan dilakukan oleh orang tua, pengasuh, hingga guru. Hal tersebut disampaikan oleh Indria Laksmi Gamayanti, psikolog klinis sekaligus dosen dari Fakultas Kedokteran, Kesehatan Masyarakat, dan Keperawatan (FK-KMK) Universitas Gadjah Mada. 
ADVERTISEMENT
 
SCROLL TO CONTINUE WITH CONTENT
 ""Kekerasan pada anak bisa dilakukan oleh siapa saja, sayangnya menurut penelitian banyak dilakukan oleh orang-orang dewasa terdekat yang justru seharusnya bisa menjadi pelindung dari anak tersebut,"" ujar Indria, dikutip dari laman UGM, Kamis (4/4/2024). Menurutnya, anak-anak yang menjadi pelaku kekerasan atau bullying di sekolah/lingkungan pertemanan cenderung terganggu mentalnya. Biasanya mereka mendapat pola asuh yang buruk dari orang tua. ""Secara psikologis, pelaku kekerasan cenderung memiliki gangguan kesehatan mental dalam dirinya sendiri. Faktor pemicu dari tendensi tindakan kekerasan pada pelaku juga bermacam-macam, mulai dari kesiapan mental orang tua, kondisi ekonomi, hingga pengalaman kekerasan serupa di masa kecil,"" ungkap Indria. Di lingkungan sekolah dan pertemanan, kekerasan banyak dilakukan teman sebaya. Sementara di lingkungan keluarga, kekerasan lebih banyak dilakukan orang tua. Menurut Indria, hal tersebut menunjukkan bahwa tidak semua orang dewasa punya kematangan emosi. Mereka bisa saja mempunyai trauma masa lalu yang akhirnya mereka lakukan kepada anaknya lewat kekerasan juga yang bahkan bisa lebih parah. ""Bayangan masa lampau atau trauma masa kecil orang tua memiliki kecenderungan yang lebih besar untuk melakukan tindakan kekerasan serupa atau lebih terhadap anaknya,"" tuturnya. ""Bisa jadi anak tersebut juga menerima kekerasan dari orang tua, atau kurangnya validasi sehingga cenderung mencari validasi pada sesamanya,"" tambahnya. Indria mengungkap dampak dari kekerasan yang menimpa anak dapat menimbulkan gangguan mental dan perubahan perilaku seiring dia dewasa. Mereka bisa menjadi pribadi yang lebih sensitif, sering menangis, murung, pendiam, atau tercekat. ""Apabila terjadi kekerasan, sebaiknya memberikan penanganan yang tepat dan sesuai dengan kondisi anak. Kalau di psikologi, metode recovery pada anak itu bermacam-macam, ada asesmen yang harus dilakukan untuk memberikan penanganan terbaik,"" imbau Indria. Khususnya bagi orang tua dari korban kekerasan, Indria mengingatkan untuk terus menjalin komunikasi dengan anaknya. Upaya tersebut sangat penting guna pertumbuhan mental dan fisik mereka ke depannya.",N/A,Cicin Yulianti,N/A,"kekerasan,anak,ugm,mental,korban",https://awsimages.detik.net.id/api/wm/2023/12/21/ilustrasi-kekerasan-pada-anak-1_169.jpeg?wid=54&w=650&v=1&t=jpeg,
https://www.detik.com/edu/detikpedia/d-7221380/pasal-28-uud-1945-dan-maknanya-untuk-perlindungan-ham,Pasal 28 UUD 1945 dan Maknanya untuk Perlindungan HAM,Perlindungan HAM dan hak-hak yang kita dapatkan telah diatur di Pasal 28 UUD 1945. Ini dia bunyi dan makna Pasal 28A sampai 28J.,"Kita sebagai warga negara Indonesia memiliki hak kemanusiaan yang telah ditetapkan di Undang-Undang 1945, tepatnya dalam Pasal 28. Lalu, apa saja bunyi Pasal 28A sampai 28J UUD 1945 dan bagaimana memaknainya? Berikut ini adalah bunyi dan makna Pasal 28 UUD 1945 yang harus detikers ketahui sebagai warga negara Indonesia sebagai peraturan perlindungan Hak Asasi Manusia (HAM). Pasal 28A 
ADVERTISEMENT
 
SCROLL TO CONTINUE WITH CONTENT
 1. Bunyi Pasal 28A UUD 1945 ""Setiap orang berhak untuk hidup serta berhak mempertahankan hidup dan kehidupannya."" 2. Makna Pasal 28A Setiap orang memiliki jaminan hak atas kehidupannya, baik untuk hidup dan mempertahankan kehidupan yang dimilikinya. Hak hidup sendiri menjadi hak yang tidak dapat ditawar lagi. Pasal 28B 1. Bunyi Pasal 28B UUD 1945 Ayat 1 ""Setiap orang berhak membentuk keluarga dan melanjutkan keturunan melalui perkawinan yang sah"". 2. Makna Pasal 28B Setiap orang berhak membentuk keluarga dan melanjutkan keturunan. Juga, anak yang dilahirkan memiliki hak untuk hidup, tumbuh, dan berkembang, serta hak asasi manusia lainnya. Pasal 28C 1. Bunyi Pasal 28C UUD 1945 Ayat 1 ""Setiap orang berhak mengembangkan diri melalui pemenuhan kebutuhan dasarnya, berhak mendapat pendidikan dan memperoleh manfaat dari ilmu pengetahuan dan teknologi, seni dan budaya, demi meningkatkan kualitas hidupnya dan demi kesejahteraan umat manusia."" 2. Makna Pasal 28C Setiap orang berhak memenuhi kebutuhan dasar untuk pengembangan diri, seperti pendidikan, ilmu pengetahuan dan teknologi, serta seni dan budaya. Pasal 28D 1. Bunyi Pasal 28D UUD 1945 Ayat 1 ""Setiap orang berhak atas pengakuan, jaminan, perlindungan, dan kepastian hukum yang adil serta perlakuan yang sama di hadapan hukum."" 2. Makna Pasal 28D Setiap orang berhak mendapat perlindungan dan keadilan di mata hukum seperti mencerminkan apa yang ada pada sila ke-5 Pancasila. Pasal 28E 1. Bunyi Pasal 28E UUD 1945 Ayat 1 ""Setiap orang bebas memeluk agama dan beribadat menurut agamanya, memilih pendidikan dan pengajaran, memilih pekerjaan, memilih kewarganegaraan, memilih tempat tinggal di wilayah negara dan meninggalkannya, serta berhak kembali."" 2. Makna Pasal 28E Setiap orang berhak memeluk agama dan beribadah sesuai agamanya masing-masing, memilih pendidikan, menentukan pekerjaan yang diminatinya, kewarganegaraan, hingga tempat untuk tinggal. Pasal 28F 1. Bunyi Pasal 28F UUD 1945 ""Setiap orang berhak untuk berkomunikasi dan memperoleh informasi untuk mengembangkan pribadi dan lingkungan sosialnya, serta berhak untuk mencari, memperoleh, memiliki, menyimpan, mengolah, dan menyampaikan informasi dengan menggunakan segala jenis saluran yang tersedia."" 2. Makna Pasal 28F Setiap orang berhak untuk mendapatkan informasi dalam mengembangkan pribadi dan lingkungan sosialnya. Informasi yang didapatkan juga dapat berasal dari berbagai sumber. Pasal 28G 1. Bunyi Pasal 28G UUD 1945 Ayat 1 ""Setiap orang berhak atas perlindungan diri pribadi, keluarga, kehormatan, martabat, dan harta benda yang di bawah kekuasaannya, serta berhak atas rasa aman dan perlindungan dari ancaman ketakutan untuk berbuat atau tidak berbuat sesuatu yang merupakan hak asasi."" 2. Makna Pasal 28G Setiap orang berhak mendapatkan perlindungan pribadi yang bersangkutan dengan reputasi dan harta benda miliknya, juga mendapatkan rasa aman dan terlindung dari berbagai ancaman. Pasal 28H 1. Bunyi Pasal 28H UUD 1945 Ayat 1 ""Setiap orang berhak hidup sejahtera lahir dan batin, bertempat tinggal, dan mendapatkan lingkungan hidup baik dan sehat serta berhak memperoleh pelayanan kesehatan."" 2. Makna Pasal 28H Setiap orang mendapatkan hak dari negara yang berperan dan bertanggungjawab menyejahterakan dari berbagai sisi. Pasal 28I 1. Bunyi Pasal 28I UUD 1945 Ayat 1 ""Hak untuk hidup, hak untuk tidak disiksa, hak kemerdekaan pikiran dan hati nurani, hak beragama, hak untuk tidak diperbudak, hak untuk diakui sebagai pribadi di hadapan hukum, dan hak untuk tidak dituntut atas dasar hukum yang berlaku surut adalah hak asasi manusia yang tidak dapat dikurangi dalam keadaan apa pun."" 2. Makna Pasal 28I Setiap orang berhak mendapat haknya tanpa dikurangi dalam keadaan apapun. Pasal 28J 1. Bunyi Pasal 28J UUD 1945 Ayat 1 ""Setiap orang wajib menghormati hak asasi manusia orang lain dalam tertib kehidupan bermasyarakat, berbangsa, dan bernegara."" 2. Makna Pasal 28J Setiap orang berhak hidup bermasyarakat, berbangsa, dan bernegara, serta menjalankan hak dan kebebasannya. Nah, kesimpulannya pada Pasal 28 UUD 1945 ini setiap orang atau warga negara Indonesia memiliki haknya sebagai manusia. Bahkan mulai manusia dilahirkan ke dunia.",N/A,Luthfi Zian Nasifah,N/A,"pasal 28,hak hidup,ham,perlindungan ham",https://awsimages.detik.net.id/api/wm/2021/06/07/aksi-damai-menuntut-hak-lingkungan-hidup-di-balai-kota-dki-3_169.jpeg?wid=54&w=650&v=1&t=jpeg,
https://www.detik.com/edu/detikpedia/d-7146856/benarkah-video-game-kekerasan-rusak-empati-begini-studinya,Benarkah Video Game Kekerasan Rusak Empati? Begini Studinya,Apakah video game bermuatan kekerasan menumpulkan empati manusia? Begini studinya.,"Studi mengungkap video game yang berisi kekerasan tidak memiliki efek nyata terhadap empati dan aktivitas otak laki-laki dewasa yang sehat secara mental. Namun, peneliti mengingatkan untuk tetap berhati-hati dengan dampak muatan kekerasan dalam video game, khususnya bagi anak-anak dan remaja yang memiliki otak lebih fleksibel. Sebelumnya, video game bermuatan kekerasan diperkirakan dapat menumpulkan empati manusia. Muatan audiovisual kekerasan eksplisit yang tampil berulang kali dikhawatirkan dapat menurunkan ambang batas terhadap kekerasan di dunia nyata. ""Justru karena ini adalah topik sensitif, kita harus sangat hati-hati menafsirkan hasil ini,"" kata penulis utama studi, Lukas Lengersdorff, dikutip dari laman Universitas Wina. 
ADVERTISEMENT
 
SCROLL TO CONTINUE WITH CONTENT
 Untuk menguji dampak konten kekerasan di video game, tim peneliti internasional yang dipimpin ahli saraf asal Wina, Claus Lamm dan Lukas Lengersdorff meminta subjek tes 89 laki-laki dewasa memainkan video kekerasan berulang kali selama percobaan yang berlangsung beberapa minggu. Respons empati mereka atas penderitaan orang lain diukur sebelum dan sesudahnya. Para subjek penelitian harus memenuhi kriteria tidak ada kontak atau sedikit kontak saja dengan video game kekerasan sebelumnya. Kriteria ini diharapkan memastikan hasil studi tidak dipengaruhi pengalaman sebelumnya. Tingkat empati dasar mereka lalu diuji dengan melihat orang lain disetrum dengan listrik yang menyakitkan. Reaksi mereka dideteksi dengan pemindai otak. Kemudian, para subjek penelitian datang 7 kali ke laboratorium untuk main video game. Tiap kunjungan, mereka diminta bermain game Grand Theft Auto (GTA) V selama 1 jam. Peserta dalam kelompok eksperimen memainkan versi yang sangat kejam dan ditugaskan menghabisi sebanyak mungkin karakter game lain. Sedangkan peserta dalam kelompok kontrol memainkan versi game yang sudah dihilangkan muatan kekerasannya. Peserta kelompok kontrol lalu ditugaskan mengambil foto karakter lainnya. Di akhir fase permainan, para subjek penelitian diuji lagi untuk mengecek perubahan respons empatinya. Analisis data hasil pemindaian respons otak mendapati tidak ada pengaruh nyata pada kemampuan empati subjek penelitian. Hal ini berlaku bagi peserta kelompok eksperimen dan kelompok kontrol. Aktivitas otak yang terkait empati di korteks insular anterior dan midcingulate anterior juga tidak terpengaruh. Lengersdorff menjelaskan, penelitian yang dipublikasi di jurnal eLife ini mendapati kekerasan video game selama beberapa jam tidak berpengaruh signifikan pada partisipan penelitian dewasa yang sehat secara mental. Temuan ini beda dengan hasil penelitian sebelumnya. ""Kesimpulannya bukanlah bahwa video game kekerasan kini secara definitif terbukti tidak berbahaya. Penelitian kami kekurangan data untuk membuat pernyataan seperti itu,"" sambungnya. ""Muatan kekerasan dari video game selama beberapa jam tidak punya pengaruh signifikan bagi empati partisipan dewasa yang sehat secara mental. Ini bisa dengan jelas kami simpulkan. Nah, hasil penelitian kami ini berlawanan dengan studi-studi sebelumnya, yang melaporkan efek negatif hanya dari beberapa menit bermain video game (dengan kekerasan),"" kata Lengersdorff. Pada penelitian sebelumnya, partisipan pernah memainkan video kekerasan sebelumnya. Ia lalu diminta bermain beberapa menit saja di pengujian. Rupanya, hasil studi menunjukkan efek negatif dari memainkan video game bermuatan kekerasan. ""Desain eksperimental seperti itu tidak mampu membedakan efek jangka pendek dan jangka panjang dari video game,"" jelas Lengersdorff. Rekan penulis studi, Claus Lamm, mengatakan studi mereka menetapkan standar baru untuk penelitian ke depan. Harapannya, kontrol dan desain yang kuat memungkinkan penarikan kesimpulan kausal dan munculnya pernyataan dampak yang lebih jelas. ""Kontrol eksperimental yang kuat dan desain penelitian longitudinal yang memungkinkan penarikan kesimpulan kausal diperlukan untuk membuat pernyataan yang jelas tentang dampak video game kekerasan. Kami ingin mengambil langkah ke arah ini dengan penelitian kami,"" tutur Lamm. Berangkat dari standar tersebut, ia mengatakan perlu studi lebih lanjut tentang efek negatif video game bermuatan kekerasan pada anak-anak dan otak remaja. ""Pertanyaan yang paling penting tentu saja 'apakah anak-anak dan remaja juga kebal terhadap kekerasan dalam video game?' Otak anak muda sangat plastis, sehingga paparan berulang terhadap penggambaran kekerasan dapat memberikan dampak yang jauh lebih besar. Namun tentu saja pertanyaan-pertanyaan ini sulit dilakukan. untuk menyelidiki secara eksperimental tanpa melanggar batas etika ilmiah,"" pungkasnya. Penelitian ini dipublikasi ahli saraf dari Universitas Wina dan Institut Karolinska Stockholm.",N/A,Trisna Wulandari,N/A,"game,kekerasan,anak-anak,remaja,otak,laki-laki,orang dewasa",https://awsimages.detik.net.id/api/wm/2023/10/11/ilustrasi-bermain-game_169.jpeg?wid=54&w=650&v=1&t=jpeg,
https://www.detik.com/edu/detikpedia/d-7139763/memahami-international-court-of-justice-yang-bakal-adili-dugaan-genosida-israel,"Memahami International Court of Justice, Yang Bakal Adili Dugaan Genosida Israel",Afrika Selatan gugat Israel atas dugaan genosida terhadap Palestina di Jalur Gaza ke International Court of Justice. Apa itu International Court of Justice?,"Lembaga International Court of Justice (ICJ) telah membuka persidangan atas gugatan Afrika Selatan pada dugaan genosida Israel terhadap warga Palestina di Jalur Gaza. Sidang berlangsung pada Kamis, 11 Januari hingga Jumat 12 Januari 2024 di Den Haag, Belanda. Dilansir Reuters dan Al Jazeera, Afrika Selatan dalam gugatannya menuntut penghentian operasi militer Israel di Jalur Gaza dan menuduh Tel Aviv telah melanggar Konvensi Genosida Perserikatan Bangsa-Bangsa (PBB). Menteri Kehakiman Afsel Ronald Lamola menyampaikan pernyataan pembuka dalam persidangan yang digelar di Den Haag ini. ""Kekerasan dan kehancuran di Palestina dan Israel tidak dimulai pada 7 Oktober 2023. Rakyat Palestina telah mengalami penindasan dan kekerasan sistematis selama 76 tahun terakhir, pada 6 Oktober 2023, dan setiap hari sejak 7 Oktober 2023,"" tegas Lamola dalam pernyataannya. 
ADVERTISEMENT
 
SCROLL TO CONTINUE WITH CONTENT
 Lamola menegaskan serangan Hamas pada 7 Oktober tahun lalu tidak bisa menjadi pembenaran atas operasi militer Israel terhadap Jalur Gaza. ""Tidak ada serangan bersenjata terhadap suatu wilayah negara, tidak peduli seberapa seriusnya, bahkan serangan yang melibatkan kejahatan kekejaman yang bisa menjadi pembenaran atau pembelaan untuk pelanggaran terhadap konvensi tersebut baik itu masalah hukum atau moralitas,"" tegas Lamola. Menjadi lembaga yang menaungi persidangan ini, apa itu International Court of Justice? International Court of Justice (ICJ) atau Mahkamah Internasional adalah lembaga yang bertugas menyelesaikan sengketa hukum yang dibawa oleh sebuah negara. Dalam persidangan Mahkamah Internasional, hanya negara yang bisa menjadi pihak dalam suatu perkara, bukan individu. ICJ didirikan di Den Haag, Belanda, pada tahun 1945. Lembaga ini dibentuk dalam proses yang panjang hingga akhirnya disahkan oleh piagam PBB. Menurut laman resminya, ICJ terdiri dari 15 hakim. Dalam aturannya, hakim tersebut akan menjabat selama 9 tahun lamanya. Hakim ICJ juga dipilih secara terpisah. Pemilihan diadakan di New York, Amerika Serikat pada musim gugur dan akan memulai masa jabatannya pada 6 Februari tahun berikutnya. Saat ini pusat ICJ berada di Peace Palace, Carnegieplein 2, Belanda. ICJ saat ini dipimpin oleh Abdulqawi Ahmed Yusuf asal Somalia yang telah menjabat sejak 2018 lalu. ICJ mempunyai peran ganda yakni untuk menyelesaikan masalah sesuai dengan hukum internasional dan untuk memberikan pendapat penasehat mengenai pertanyaan-pertanyaan hukum yang dirujuk kepadanya oleh badan-badan PBB yang berwenang. Kasus pertama yang masuk dalam Daftar Umum Pengadilan adalah tentang Saluran Corfu, antara Inggris dengan Albania yang diajukan pada tanggal 22 Mei 1947. Sejak tanggal 22 Mei 1947 hingga 29 Desember 2023, terdapat 192 kasus yang dimasukkan dalam Daftar Umum ICJ.",N/A,Nikita Rosa,N/A,"mahkamah internasional,international court of justice,palestina,afrika selatan,gaza,israel,sidang,pbb,genosida",https://awsimages.detik.net.id/api/wm/2024/01/11/suasana-di-dalam-ruang-sidang-mahkamah-internasional-yang-mulai-menyidangkan-gugatan-afsel-terhadap-israel-terkait-tuduhan-gen_169.jpeg?wid=54&w=650&v=1&t=jpeg,
https://news.detik.com/internasional/d-7355723/icj-bakal-bacakan-perintah-tambahan-terkait-gugatan-afsel-dalam-kasus-genosida,ICJ Bakal Bacakan Perintah Tambahan Terkait Gugatan Afsel dalam Kasus Genosida,Mahkamah Internasional (ICJ) akan menyampaikan perintahnya mengenai permintaan tindakan sementara tambahan dalam kasus genosida hari ini.,"Mahkamah Internasional (ICJ) akan menyampaikan perintahnya mengenai permintaan tindakan sementara tambahan dalam kasus genosida hari ini. Sidang tersebut akan berlangsung di Den Haag. ""Sidang umum akan berlangsung pada pukul 15.00 di Istana Perdamaian di Den Haag, di mana Hakim Nawaf Salam, Ketua Pengadilan, akan membacakan Perintah Pengadilan,"" kata pengadilan tinggi PBB dalam sebuah pernyataan, dilansir kantor berita Anadolu, Jumat (24/5/2024). Pada pekan lalu, ICJ mengadakan sidang dua hari untuk membahas tindakan sementara tambahan terhadap Israel. Hal ini diakhiri dengan permintaan pengadilan dari Israel untuk memberikan informasi tentang kondisi kemanusiaan yang ada di zona evakuasi yang ditentukan di Jalur Gaza. 
ADVERTISEMENT
 
SCROLL TO CONTINUE WITH CONTENT
 Sementara itu dilansir Reuters, pengacara Afrika Selatan pekan lalu meminta pengadilan untuk menerapkan tindakan darurat, dan mengatakan serangan Israel di kota Gaza selatan ""harus dihentikan"" untuk menjamin kelangsungan hidup rakyat Palestina. Keputusan Mahkamah Internasional (ICJ), juga dikenal sebagai Pengadilan Dunia, bersifat final dan mengikat, namun telah diabaikan di masa lalu. Pengadilan tidak mempunyai wewenang untuk menegakkan hukum. Israel telah berulang kali menolak tuduhan genosida dan menganggapnya tidak berdasar. Israel berargumentasi di pengadilan bahwa operasi di Gaza adalah untuk membela diri dan ditujukan pada militan Hamas yang menyerang Israel pada 7 Oktober. Seorang juru bicara pemerintah Israel mengatakan pada hari Kamis bahwa ""tidak ada kekuatan di dunia yang dapat menghentikan Israel melindungi warganya dan mengejar Hamas di Gaza"". Seorang juru bicara militer Israel mengatakan tentara beroperasi ""dengan hati-hati dan tepat"" di Rafah, tempat ratusan ribu warga Palestina mencari perlindungan dari pemboman dan operasi Israel di tempat lain di wilayah kantong Palestina. Keputusan badan hukum tertinggi PBB yang menentang Israel dapat menambah tekanan diplomatik terhadap pemerintahan Perdana Menteri Benjamin Netanyahu. Beberapa negara Eropa mengatakan pada hari Rabu bahwa mereka akan mengakui negara Palestina. Kepala jaksa Pengadilan Kriminal Internasional (ICC) --yang juga berbasis di Den Haag-- mengumumkan pada hari Senin bahwa ia telah mengajukan permohonan surat perintah penangkapan terhadap Netanyahu dan Menteri Pertahanan Yoav Gallant, serta para pemimpin Hamas terhadap dugaan kejahatan perang. ICC mengadili individu atas dugaan kejahatan perang, kejahatan terhadap kemanusiaan, dan genosida. Sedangkan ICJ adalah badan tertinggi PBB yang menangani perselisihan antar negara. ICJ sebelumnya menolak permintaan Israel untuk membatalkan seluruh kasus tersebut. Pengadilan telah memerintahkan mereka untuk mencegah tindakan genosida terhadap warga Palestina dan mengizinkan bantuan mengalir, namun tidak memerintahkan penghentian operasi militer Israel. Lebih dari 35.600 warga Palestina telah terbunuh, sebagian besar di antaranya adalah perempuan dan anak-anak, dan hampir 79.900 lainnya terluka sejak Oktober lalu.  Simak juga Video 'Afrika Selatan Desak ICJ Gerak, Tindak Lanjuti Serangan Israel di Rafah':   [Gambas:Video 20detik] ",N/A,Yulida Medistiara,N/A,"icc,mahkamah internasional,icj,genosida,rafah,afrika selatan",https://awsimages.detik.net.id/api/wm/2024/01/11/suasana-di-dalam-ruang-sidang-mahkamah-internasional-yang-mulai-menyidangkan-gugatan-afsel-terhadap-israel-terkait-tuduhan-gen_169.jpeg?wid=54&w=650&v=1&t=jpeg,
https://news.detik.com/berita/d-7351782/adi-yang-teror-perempuan-di-surabaya-selama-10-tahun-jadi-tersangka,Adi yang Teror Perempuan di Surabaya Selama 10 Tahun Jadi Tersangka,"Charles menjelaskan Adi juga melakukan pengancaman kepada kekasih korban. Penyidik meminta ahli, yakni psikolog, untuk mengobservasi Adi.","Adi Pradita alias AP ditetapkan sebagai tersangka setelah dilaporkan teman SMP-nya berinisial NRS. Adi dilaporkan karena meneror hingga melecehkan NRS selama 10 tahun. Dilansir detikJatim, Selasa (21/5/2024), Unit Siber Ditreskrimsus Polda Jatim telah melakukan serangkaian penyidikan berkaitan dengan kasus teror dan pelecehan seksual yang dialami korban selama 10 tahun, yang dilakukan oleh Adi. Adi diamankan pada 17 Mei 2024, dan ditetapkan sebagai tersangka dan ditahan keesokan harinya. ""Sudah dilakukan pemeriksaan, 18 Mei ditetapkan tersangka dan ditahan,"" kata Kasubdit V Siber Ditreskrimsus Polda Jatim AKBP Charles P Tampubolon dalam konferensi pers yang digelar di Polda Jatim. 
ADVERTISEMENT
 
SCROLL TO CONTINUE WITH CONTENT
 Charles menjelaskan Adi juga melakukan pengancaman kepada kekasih korban. ""Tidak hanya pada korban, tapi juga rekanan atau kekasih korban, selain untuk perhatian juga untuk supaya mau menikah dengan pelaku. Yang diancam 2 orang kekasih korban,"" imbuh dia. Charles akan mendatangkan ahli untuk melakukan observasi terhadap Adi. Polisi menjerat Adi dengan UU 11/2008 tentang ITE juncto Pasal 45 ayat (1) juncto Pasal 27 ayat (1) juncto Pasal 45 B juncto Pasal 29 UU Nomor 12 Tahun 2022 tentang Tindak Pidana Kekerasan Seksual, Pasal 14 ayat (1) huruf b dan c. Ia terancam pidana penjara selama 6 tahun dan denda Rp 1 Miliar. Penyidik, lanjut Charles, juga meminta ahli, yakni psikolog, untuk mengobservasi Adi. ""Ahli psikolog sudah diundang untuk observasi pada Tersangka (Adi),"" pungkas dia. Baca selengkapnya di sini.",N/A,Praditya Fauzi Rahman,N/A,"pelecehan,pelecehan seks,teror 10 tahun,adi pradita",https://awsimages.detik.net.id/api/wm/2024/05/21/adi-pradita-saat-digelandang-ke-tahanan-di-mapolda-jatim_169.jpeg?wid=54&w=650&v=1&t=jpeg,
https://news.detik.com/berita/d-7347472/pria-ap-diamankan-polisi-ini-cerita-wanita-surabaya-soal-teror-10-tahun,"Pria AP Diamankan Polisi, Ini Cerita Wanita Surabaya soal Teror 10 Tahun",Sang korban bercerita pengalaman hidup dalam teror pelaku yang disebutnya sudah berlangsung selama 10 tahun terakhir.,"Pria di Surabaya berinisial AP ditangkap setelah diduga melakukan pelecehan dan pengancaman kepada seorang wanita yang pernah menjadi teman sekolahnya. Sang korban menceritakan pengalaman hidup dalam teror pelaku yang disebutnya sudah berlangsung selama 10 tahun terakhir. ""Saya mengalami pelecehan dan peneroran lebih dari 10 tahun oleh teman saya SMP. Awalnya saya niat baik dan saya ekstrover, tapi dia introver sekali. Ternyata kebaikan saya disalahartikan oleh dia dan dikira saya suka sama dia,"" kata korban saat ditemui awak media di Polda Jatim, dilansir detikJatim, Minggu (19/5/2024). Korban mengatakan pertama kali menerima teror dari AP sejak 2014. Kala itu ia duduk di bangku kelas 2 SMA. Korban bercerita AP membuat ratusan akun media sosial untuk melancarkan teror kepadanya. Perbuatan itu terus berlangsung hingga 2024. 
ADVERTISEMENT
 
SCROLL TO CONTINUE WITH CONTENT
 ""Ada banyak, 440 akun di Twitter untuk meneror saya, di Instagram juga. Saya sampai kehilangan banyak Instagram (untuk menghindari AP). Tapi tidak hanya pembuatan akun, isi akunnya juga ada pelecehan seksual verbal dan foto juga,"" jelasnya. Selain melakukan teror melalui dunia maya, AP melancarkan aksinya secara langsung. Mantan kekasih korban juga menjadi salah satu orang yang pernah diteror oleh pelaku. Korban mengatakan tiap ada pria yang mencoba mendekatinya, AP langsung melakukan teror kepadanya dan pria yang mendekatinya tersebut. AP bahkan mengancam akan membunuh korban. ""Pengancaman juga ada, ketika saya ada yang dekati itu diancam akan dibunuh oleh dia dan menurut saya itu yang paling parah. Dia obsesi sama saya, kadang jujur dan kadang denial, jadi ya susah. Dia itu posesifnya kalau ada cowok yang dekat sama saya akan dibunuh, dia pun mengakui,"" terangnya. Korban bercerita pada 2015 pernah berkata jujur bahwa dia tidak tertarik kepada AP. Namun, teror yang dilakukan AP terus berlanjut. Korban lalu membagikan kisahnya tersebut di media sosial. Setelah banyak mendapat dukungan, korban akhirnya memutuskan melaporkan AP ke Polda Jatim pada Jumat (17/5). Polisi lalu segera menangkap AP di kediamannya di Surabaya. Pelaku kini masih menjalani pemeriksaan di Polda Jatim. Simak selengkapnya di sini  Simak juga Video: Apa Penyebab Seseorang Melakukan Pelecehan Seksual?  [Gambas:Video 20detik] ",N/A,Irma Budiarti,N/A,"viral,teror,pelecehan,surabaya,detikjatim,polda jatim",https://awsimages.detik.net.id/api/wm/2024/05/18/pria-yang-diduga-teror-hingga-lecehkan-teman-smpnya-selama-10-tahun-di-surabaya-kananpelaku-pelecehan-teman-smp_169.jpeg?wid=54&w=650&v=1&t=jpeg,
https://news.detik.com/internasional/d-7347243/teriakan-pembohong-ke-delegasi-israel-di-mahkamah-internasional,Teriakan Pembohong ke Delegasi Israel di Mahkamah Internasional,Delegasi pemerintah Israel disoraki 'pembohong' kala berbicara di hadapan ICJ. Teriakan itu muncul saat delegasi Israel tengah membela serangan militer di Gaza.,"Delegasi pemerintah Israel disoraki 'pembohong' kala berbicara di hadapan Mahkamah Internasional (ICJ). Teriakan itu muncul saat delegasi Israel tengah membela serangan militer di Gaza. Gilad Noam, Wakil Jaksa Agung Israel untuk Urusan Internasional, mengatakan di depan ICJ bahwa Israel terlibat dalam perang melawan Hamas dan membantah klaim genosida. Dilansir Middle East Monitor, Sabtu (18/5/2024), ICJ pada Jumat (17/5) waktu setempat sedang mengadakan putaran ketiga sidang untuk langkah-langkah darurat yang diminta oleh Afrika Selatan, yang ingin pengadilan memerintahkan gencatan senjata di Gaza. 
ADVERTISEMENT
 
SCROLL TO CONTINUE WITH CONTENT
 Sebelumnya, Afrika Selatan mengatakan kepada ICJ pada hari Kamis bahwa situasi di Gaza telah mencapai ""tahap baru dan mengerikan"" dan mendesak para hakim untuk memerintahkan penghentian operasi militer Israel. Di depan ICJ, Noam mengatakan: ""Dengan mengeksploitasi Konvensi Genosida, Afrika Selatan menyarankan adanya pembacaan hukum internasional yang berbelit-belit, sehingga setiap konflik dapat dibawa ke Pengadilan ini."" Noam selanjutnya menuduh Afrika Selatan bersekutu dengan Hamas, dan menyoroti pertemuan baru-baru ini antara Menteri Luar Negeri (Menlu) Afrika Selatan dan delegasi Hamas di Johannesburg, Afrika Selatan. Noam menambahkan, ""Dia (Menlu Afsel) tidak mendesak Hamas untuk melepaskan sandera, berhenti menggunakan perisai manusia, berhenti beroperasi di rumah sakit PBB atau tempat-tempat lain yang dilindungi dan, oleh karena itu, Afrika Selatan, tidak tertarik pada kebenaran, hukum atau keadilan."" Selain itu, ia menyatakan bahwa Rafah, kota paling selatan di Gaza dan titik fokus sidang, adalah pusat ""aktivitas teroris yang sedang berlangsung"", termasuk penyanderaan. Sidang di ICJ sempat terhenti ketika seorang pengunjuk rasa berteriak ""pembohong"" saat presentasi penasihat hukum Kementerian Luar Negeri Israel, Tamar Kaplan Tourgeman, yang menuduh Afrika Selatan melakukan tuduhan palsu bahwa Israel telah memutus Gaza dari dunia luar dan bantuan kemanusiaan. Dia menunjukkan bahwa Israel telah membuka tiga perlintasan darat baru ke Gaza dari wilayah Israel, memperluas kapasitas perlintasan yang ada dan menginvestasikan US$52 juta untuk memperluas infrastruktur dan kapasitas jalan untuk semua penyeberangan. ""Tidak sulit untuk melihat bahwa Israel telah melakukan upaya tambahan untuk meningkatkan penyediaan bantuan kemanusiaan di seluruh Gaza. Pengabaian sepenuhnya oleh Afrika Selatan terhadap kenyataan dan kebenaran ini adalah hal yang sangat jelas dan mengkhawatirkan,"" kata Tourgeman. Simak selengkapnya di halaman selanjutnya.  Simak juga Video: Israel Bombardir Kamp Pengungsian Jabalia, 10 Orang Tewas  [Gambas:Video 20detik]  



Halaman

                1            

                2            


            Selanjutnya 





israel icj mahkamah internasional icj perintahkan israel setop genosida genosida palestina gaza internasional round up 

",N/A,Tim detikcom,N/A,"israel,icj,mahkamah internasional,icj perintahkan israel setop genosida,genosida,palestina,gaza,internasional,round up",https://awsimages.detik.net.id/api/wm/2024/05/18/israel-palestinianssafrica-world-court-israel_169.jpeg?wid=54&w=650&v=1&t=jpeg,
https://hot.detik.com/celeb/d-7359253/inara-rusli-ungkap-alasan-pilih-homeschooling-untuk-starla,Inara Rusli Ungkap Alasan Pilih Homeschooling untuk Starla,Inara Rusli ungkap alasan pilih homeschooling untuk Starla. Seperti apa?,"Artis Inara Rusli bicara soal pendidikan anak pertamanya, Starla Rhea Idola Virgoun. Eks personel girlband Bexxa itu mengaku memilih homeschooling untuk buah hatinya. Sudah dua tahun Starla dikatakan menjalani sekolah tersebut. Inara punya alasan mengapa memilih homeschooling. ""Sekolah homeschooling tuh waktunya lebih fleksibel dan aku bisa mantau sih perkembangan belajar Starla. Dia juga nyaman, dia bisa mengembangkan bakat-bakat dia kayak les melukis, menggambar, berenang, violin,"" ujarnya saat ditemui di kawasan Bintaro, Tangerang Selatan, kemarin. 
ADVERTISEMENT
 
SCROLL TO CONTINUE WITH CONTENT
 Eks istri penyanyi Virgoun itu merasa sekolah umum agak berat untuk Starla. Meski begitu, ia tetap berencana akan memasukkan putrinya ke sekolah tersebut nanti saat SMP. ""Kalau dia sekolah di sekolah reguler kan nggak bisa sefleksibel itu waktunya dan pressure-nya lebih berat. Mungkin nanti SMP baru masukin sekolah formal,"" tuturnya. Inara Rusli tak ada ketakutan sama sekali terkait homeschooling bikin anak jadi susah bersosialisasi. Ia menyebut homeschooling yang dijalani Starla berbeda. ""Nggak sih, karena dari homeschooling-nya sendiri ini memang tiap bulan ada kegiatan outing sama teman-teman, jadi nggak ngerasa dia kurang interaksi sama teman-teman,"" katanya. Selain itu, Inara mengatakan Starla sosok anak yang ekstrover. Ia percaya anaknya bakal baik-baik saja terkait sosialisasi. ""Jadi aku nggak mengkhawatirkan dia kehilangan kemampuan bersosialisasi. Meskipun dia homeschooling, dia kalau ada orang yang baru kenal, bisa bikin paguyuban. Jadi aku nggak jadi concern untuk kemampuan bersosialisasi,"" pungkasnya.",N/A,Mauludi Rismoyo,N/A,"inara rusli,starla anak virgoun,homeschooling",https://awsimages.detik.net.id/api/wm/2024/05/21/gaya-inara-rusli-saat-merayakan-ulang-tahun-anaknya-1_169.png?wid=54&w=650&v=1&t=jpeg,
https://food.detik.com/foto-kuliner/d-7359723/rio-haryanto-doyan-banget-ngopi-dan-makan-durian,Rio Haryanto Doyan Banget Ngopi dan Makan Durian,"Pembalap Indonesia, Rio Haryanto punya sederet momen kulineran seru. Dari makan pasta, cicip durian sampai ngopi.","Jakarta - Pembalap Indonesia, Rio Haryanto punya sederet momen kulineran seru. Dari makan pasta, cicip durian sampai ngopi.",N/A,Instagram @rharyantoracing,N/A,"rio haryanto,pembalap,rio harayanto tunangan",https://awsimages.detik.net.id/api/wm/2024/05/27/rio-haryanto-doyan-banget-ngopi-dan-makan-durian-3_169.png?wid=54&w=650&v=1&t=jpeg,
https://travel.detik.com/travel-news/d-7360361/pemandian-legendaris-di-jepang-tutup-muak-ulah-turis-nakal,"Pemandian Legendaris di Jepang Tutup, Muak Ulah Turis Nakal","Pemandian kuno berusia 57 tahun terpaksa ditutup karena tidak tahan lagi menghadapi perilaku buruk pengunjungnya. Padahal, itu merupakan pemandian legendaris.","Pemandian kuno berusia 57 tahun terpaksa ditutup karena tidak tahan lagi menghadapi perilaku buruk pengunjungnya. Padahal, itu merupakan pemandian legendaris, lho. Diberitakan The Straits Times, Senin (27/5/2024) pemandian itu adalah pemandian Kame no Yu di Prefektur Kanagawa, dekat Tokyo. Pemandian itu memastikan hanya akan buka hingga akhir Mei 2024. Pengelola menyebut pengunjung melakukan pelecehan yang terus berulang. Selain itu, banyak turis berulah di sana. 
ADVERTISEMENT
 
SCROLL TO CONTINUE WITH CONTENT
 Menurut outlet berita Jepang Mainichi Shimbun, pemandian itu adalah satu-satunya pemandian umum 'sento' di kota Zama, di prefektur Kanagawa. Selama 57 tahun sejak beroperasi, pemandian itu berhasil memikat pengunjung dengan air panasnya yang populer, yaitu air sumur yang direbus dengan kayu bakar yang konon dapat menghangatkan tubuh dari dalam. Tempat itu juga menawarkan layanan khusus untuk pemandian pribadi dan pemandian jeruk yuzu. Namun, tempat ini benar-benar lelah dengan prilaku buruk tamunya beberapa tahun terakhir. Mulai dari pencurian, perusakan alat, mengumpat, melanggar aturan parkir, tak membayar sauna, hingga membuang sampah serta perabotan rumah secara ilegal ke tempat tersebut. Pemiliknya menolak memberikan rincian lebih lanjut tentang pelanggan yang mengganggu tersebut karena takut mengidentifikasi mereka. Warga lokal Jepang menyesalkan penutupan ini. Dalam pemberitahuan penutupannya, sang pemilik juga menyelipkan rasa terima kasihnya kepada para pelanggan. ""Saya berasumsi akan ada banyak orang yang menggunakan pemandian umum dan fasilitas pemandian lainnya di masa depan. Saya meminta mereka agar tetap menjadi pelanggan dengan tulus,"" tulisnya di X. ",N/A,Syanti Mustika,N/A,"tokyo,wisata tokyo,jepang,pemandian,wisata jepang",https://awsimages.detik.net.id/api/wm/2022/09/14/menikmati-pemandian-air-panas-paling-hot-di-jepang-1_169.jpeg?wid=54&w=650&v=1&t=jpeg,
https://wolipop.detik.com/worklife/d-7360028/gadis-remaja-lulus-kuliah-di-usia-11-tahun-dengan-predikat-cum-laude,Gadis Remaja Lulus Kuliah di Usia 11 Tahun dengan Predikat Cum Laude,"Gadis remaja ini lulus kuliah dengan prestasi yang mencengangkan. Athena Elling, nama remaja tersebut, berhasil meraih gelar sarjana di usia 11 tahun.","Gadis remaja ini lulus kuliah dengan prestasi yang mencengangkan. Athena Elling, nama remaja tersebut, berhasil meraih gelar sarjana di usia 11 tahun. Athena asal California, AS, lulus dari Irvine Valley College pada Kamis (23/5/2024) dan menjadi lulusan termuda di angkatannya, yang rata-rata berusia 19 hingga 21 tahun. Tak hanya lulus kuliah di usia yang terbilang sangat muda, dia juga mengantongi predikat cum laude. Athena lulus dengan gelar associate di bidang liberal arts. Associate sendiri merupakan gelar sarjana dua tahun yang bisa diperoleh dari community college, junior college atau universitas online. Gelar ini berada di antara ijazah SMA dan perguruan tinggi pada umumnya. 
    ADVERTISEMENT
   
    SCROLL TO CONTINUE WITH CONTENT
   Ibu Athena, Christina Chow, mengatakan bahwa community college memungkinkan putrinya untuk mengeksplorasi beragam minat. Dalam beberapa tahun terakhir, Athena menunjukkan minatnya untuk berbagai profesi, mulai dari pengacara, dokter hingga aktris. Lulus dengan prestasi membanggakan tak membuat Athena berpuas diri. Dia berencana meraih gelar sarjana lainnya di bidang musik atau psikologi. ""Masih banyak kelas yang ingin saya ambil. Saya memulai kuliah dengan kalkulus dan saya rasa mungkin setidaknya ada 30 kelas lagi yang sangat ingin saya ambil sebelum berkomitmen ke jurusan lain,"" ujar pra-remaja yang kini sudah mendaftar untuk kelas sejarah dan musik untuk musim panas, seperti dikutip dari People. Athena memecahkan rekor saudara laki-lakinya sendiri, yang diraih tahun lalu, sebagai orang termuda yang lulus dengan gelar sarjana dari Irvin Valley College. Kakaknya Tycho Elling juga berusia 11 tahun ketika dia lulus dengan gelar associate di bidang matematika. Namun rekor Athena kemungkinan tidak bertahan lama. Adiknya yang berusia 9 tahun juga terdaftar sebagai seorang mahasiswa di Irvin Valley. ""Saya mengalahkan rekor kakak saya, dan dia (adiknya) mungkin akan mengalahkan rekor saya,"" pungkasnya.",N/A,Hestianingsih Hestianingsih,N/A,"anak jenius,sarjana muda,kisah anak pintar",https://awsimages.detik.net.id/api/wm/2024/05/27/athena-elling_169.webp?wid=54&w=650&v=1&t=jpeg,
https://health.detik.com/berita-detikhealth/d-7360470/menkes-datangkan-dokter-dari-arab-saudi-untuk-tingkatkan-sdm-nakes-ri,Menkes Datangkan Dokter dari Arab Saudi untuk Tingkatkan SDM Nakes RI,Indonesia dan Arab Saudi melakukan kerjasama sektor kesehatan untuk kegiatan sosial dan pelatihan dokter muda. Diharapkan bisa tingkatkan SDM nakes RI.,"Indonesia dan Arab Saudi melakukan kerjasama di sektor kesehatan. Rumah Sakit Umum Pusat (RSUP) Adam Malik Medan melakukan kerja sama dengan King Salman Relief dan Muslim World League dari Arab Saudi untuk menyelenggarakan kegiatan sosial operasi jantung gratis. Selain melakukan aksi sosial, tim medis berjumlah 22 orang dari Arab Saudi juga memberikan pelatihan kepada dokter-dokter muda untuk penanganan bedah jantung terbuka, bedah jantung anak, hingga katerisasi. ""Ini contoh nyata keberadaan dokter asing dapat meningkatkan pengetahuan dan keterampilan dokter-dokter spesialis bedah jantung kita terutama yang muda-muda karena mereka juga turut terlibat dan melihat langsung tindakan yang dilakukan oleh beberapa dokter bedah jantung terbaik di Arab Saudi,"" kata Menkes Budi Gunadi Sadikin dikutip dari edaran yang diterima detikcom, Senin (27/5/2024). 
ADVERTISEMENT
 
SCROLL TO CONTINUE WITH CONTENT
 Tim medis dari Arab Saudi datang ke RSUP Adam Malik Medan meliputi 11 dokter dan 11 anggota tim penunjang seperti spesialis, perfusionist, dan terapis pernapasan. Mereka berasal dari King Faisal Cardiac Center (KFCC), King Abdul-Aziz Medical City (KAAMC), dan King Abdullah International Medical Research Center (KAIMRC). Menkes Budi berharap langkah ini bisa menjadi ajang transfer pengetahuan untuk dokter muda Indonesia. Selain itu, menurut Menkes Budi langkah ini juga bisa menjadi cara untuk meningkatkan kualitas layanan kesehatan di Indonesia. ""Keberadaan dokter asing ini akan memacu peningkatan kualitas dan akan mempercepat alih ilmu pengetahuan untuk para dokter muda Indonesia. Mereka akan berlatih dan bekerja bersama dokter-dokter ternama dari mancanegara, mempelajari disiplin kerja mereka, budaya kerja mereka, dan interaksi terhadap pasien,"" tandas Menkes Budi. Penyakit jantung merupakan salah satu penyakit dengan tingkat fatalitas tertinggi di Indonesia. Menkes Budi berharap layanan bedah jantung terbuka dan bedah jantung anak bisa dilakukan di rumah sakit pemerintah pusat dan daerah. Dengan begitu, pasien di daerah yang membutuhkan pertolongan tidak harus jauh-jauh pergi ke Jakarta untuk mendapatkan perawatan.",N/A,Averus Kautsar,N/A,"menkes,dokter,dokter asing,kemenkes",https://awsimages.detik.net.id/api/wm/2024/04/24/menkes-bicara-kesehatan-mental-di-indonesia-1_169.jpeg?wid=54&w=650&v=1&t=jpeg,
https://sport.detik.com/sepakbola/liga-spanyol/d-7359919/sebuah-fenomena-girona,Sebuah Fenomena Girona,"Girona tutup buku Liga Spanyol musim 2023/2024 dengan menyala. Mereka finis di papan atas, strikernya jadi top skor, dan main di Liga Champions musim depan!","Girona tutup buku Liga Spanyol musim 2023/2024 dengan menyala. Mereka finis di papan atas, strikernya jadi top skor Liga Spanyol, dan main di Liga Champions musim depan! Girona finis di posisi ketiga Klasemen Liga Spanyol 2023/2024. Blanquivermells kumpulkan 81 poin, di bawahnya Barcelona dengan 85 poin, dan Real Madrid sebagai kampiun dengan 95 poin. Girona baru promosi ke Liga Spanyol pada musim 2017/2018. Semusim kemudian mereka degradasi dan promosi lagi di musim 2022/2023. 
ADVERTISEMENT
 
SCROLL TO CONTINUE WITH CONTENT
 Ketika itu, mereka finis di posisi ke-10. Tiada yang menyangka kalau pasukannya Michel bisa jadi kuda hitam yang ganas! Girona mampu bungkam Barcelona dua kali di Liga Spanyol dengan skor sama 4-2. Mereka turut menang atas tim-tim kuat macam Sevilla (5-1 dan 2-1), sekali kalahkan Atletico Madrid 4-3. Apesnya, mereka kalah dua kali dari Real Madrid (0-3 dan 0-4). Girona catatkan 25 kemenangan dari 38 laga di Liga Spanyol. Mereka jadi tim tersubur kedua dengan 85 gol, di bawahnya Real Madrid dengan 87 gol. Penyerang Girona, Artem Dovbyk sabet gelar top skor Liga Spanyol yakni Pichichi dengan 24 gol. Dovbyk patahkan dominasi para penyerang Madrid dan Barca yang selalu jadi top skor sejak 10 musim terakhir. Pun sejak 94 tahun berdiri, Girona akhirnya bisa bermain di ajang Liga Champions. Sempat ada isu Girona tidak bisa tampil karena bersama Manchester City jadi satu kepemilikan dari City Football Group (CFG), tapi ada aturan UEFA yang bisa memuluskannya. Seperti diketahui, CFG memiliki 47 persen saham Girona dengan 35 persen lainnya dipunya pengusaha Amerika Serikat-Bolivia Marcelo Claure yang juga memiliki klub Bolivar, salah satu anggota CFG. Pere Guardiola yang merupakan kakak kandung Pep Guardiola adalah Chairman Girona. UEFA meminta porsi saham CFG di City atau Girona untuk musim depan dilepas hingga tersisa 30 persen, sehingga hanya satu tim saja yang berada dalam pengaruh mereka seutuhnya yakni Manchester City dengan saham 100 persen. UEFA juga menawarkan solusi untuk mempermudah langkah tersebut. Apakah di musim depan nanti, Girona masih mampu memberikan kejutan demi kejutan lagi?",N/A,Afif Farhan,N/A,"girona,liga spanyol,klasemen liga spanyol,liga champions,artem dovbyk",https://akcdn.detik.net.id/api/wm/2024/05/05/potret-girona-cetak-sejarah-tembus-liga-champions-untuk-pertama-kalinya-2_169.jpeg?wid=54&w=650&v=1&t=jpeg,
https://oto.detik.com/kendaraan-niaga/d-7360223/byd-luncurkan-bus-tingkat-listrik-bisa-tempuh-jarak-640-km,"BYD Luncurkan Bus Tingkat Listrik, Bisa Tempuh Jarak 640 Km",Bus tingkat listrik BYD ini dibekali baterai 532 kWh dan diklaim bisa tempuh jarak hingga 640 km. Jarak itu kurang lebih sama seperti jarak Jakarta ke Magetan.,"BYD meluncurkan bus tingkat listrik di London, Inggris. Mengusung konsep bus perkotaan, bus tingkat listrik BYD ini dibekali baterai 532 kWh dan diklaim bisa tempuh jarak hingga 640 km. Jarak itu kurang lebih sama seperti jarak Jakarta ke Magetan. Dikutip laman Carnewschina, spesifikasi bus tingkat listrik BYD tersebut diyakini cocok digunakan di London, di mana bus-bus besar di sana bisa menempuh jarak antara 160 km, hingga 321 km.  
ADVERTISEMENT
 
SCROLL TO CONTINUE WITH CONTENT
 Bus tingkat listrik BYD ini diklaim efisien konsumsi energinya dengan catatan 1,4 km per kWh menggunakan kapasitas baterai sebesar 457 kWh. Baterai ini terpasang di sasis yang dikatakan memberikan pengurangan bobot sebesar 8%, meningkatkan jangkauan tempuh, dan memberikan lebih banyak ruang bagi penumpang. Go-Ahead Group yang mengoperasikan bus atas nama Transport for London (TfL) diklaim hampir melakukan pemesanan 100 bus tingkat listrik BYD ini. Harga masing-masing bus itu adalah Â£ 400.000 (Rp 8,1 miliar). Bus tingkat bernama BYD BD11 ini bakal diproduksi di China. Namun, BYD menekankan bahwa 34% komponen yang digunakan di BD11 bersumber dari material di Eropa.  BD11 memiliki panjang 10,9 meter dengan jarak sumbu roda 5,44 meter. Sedangkan lebarnya 2,55 meter dan tinggi 4,3 meter. Tergantung pada konfigurasinya, bus ini dapat mengangkut hingga 90 penumpang. Bus didukung dua motor roda berkekuatan 150 kW yang membantu menambah ruang kabin dan membantu radius putar 8,0 meter. Pengisian daya dapat dilakukan melalui pantograf 500 kW opsional (overhead) atau melalui port pengisian daya standar. Bus bisa menggunakan lebih dari satu pengisi daya sekaligus untuk meningkatkan kecepatan pengisian daya. Pengisi daya pantograf bisa mengisi daya bus dari 0-100% dalam 2 jam. ",N/A,Luthfi Anshori,N/A,"byd,bus listrik,bus listrik byd",https://awsimages.detik.net.id/api/wm/2024/05/27/byd-luncurkan-bus-tingkat-listrik-di-inggris-3_169.jpeg?wid=54&w=650&v=1&t=jpeg,
https://inet.detik.com/mobile-apps/d-7360248/jadi-penasaran-ini-4-fitur-chatbot-ai-whatsapp-yang-canggih-dan-interaktif,"Jadi Penasaran, Ini 4 Fitur Chatbot AI WhatsApp yang Canggih dan Interaktif",Meta telah mengumumkan hadirnya fitur chatbot AI bagi pengguna WhatsApp. Cari tahu tentang update fitur chatbot AI WhatsApp di sini.,"WhatsApp (WA) akan menghadirkan AI untuk meningkatkan produktivitas sehari-hari. Saat ini, kecerdasan buatan tersebut masih dalam versi beta sehingga belum bisa digunakan semua pengguna WA. Kira-kira seperti apa update dan gambaran fitur chatbot AI WhatsApp? Simak uraiannya di artikel berikut. Mengutip dari laman resmi WhatsApp dan WABeta info, WhatsApp berkolaborasi dengan Meta Llama 3 untuk merilis fitur Artificial Intelligence (AI) dan chatbot. Fitur chatbot Meta AI berfungsi sebagai asisten virtual yang dapat membantu pengguna. 
ADVERTISEMENT
 
SCROLL TO CONTINUE WITH CONTENT
 Nantinya, fitur chatbot Meta AI terletak pada kolom pencarian WhatsApp sehingga pengguna bisa langsung berinteraksi. Pengguna bisa menanyakan segala topik dengan cepat dan praktis seperti halnya chatGPT. Untuk saat ini, fitur chatbot Meta AI WhatsApp masih dibatasi untuk beberapa pengguna. Fitur Meta AI baru mulai dirilis di Amerika Serikat dan akan diluncurkan secara bertahap ke beberapa negara lainnya seperti Australia, Kanada, Ghana, Zambia, Uganda, Zimbabwe, Selandia Baru, Jamaika, Pakistan, Nigeria, dan Singapura. Sebagian pengguna WhatsApp di Indonesia mungkin penasaran seperti apa gambaran fitur terbaru chatbot AI yang disediakan oleh WhatsApp. Dilansir dari situs geeksforgeeks, berikut gambaran sejumlah fitur interaktif chatbot AI WhatsApp: Seperti yang sempat disebut sebelumnya, salah satu fungsi utama chatbot AI adalah untuk bercakap-cakap dan berinteraksi langsung dengan pengguna. Kamu bisa mengobrol dan menanyakan tentang berbagai topik dan chatbot AI ini akan merespon segala pertanyaan yang diajukan dengan informatif dan komprehensif. cara untuk memulai percakapan dengan Meta AI adalah sebagai berikut: Selain cara di atas, kamu juga bisa langsung mengintegrasikan asisten Meta AI dalam obrolan dengan mengetik @Meta AI pada laman obrolan dan chatbot AI ini pun akan merespons percakapan kamu. Ingin mencari informasi secara cepat tanpa perlu pakai browser? Fitur search assistance jawabannya. Dengan fitur ini, pengguna cukup mengajukan hal yang ingin ditelusuri pada asisten AI WhatsApp dan AI akan secara otomatis menjelajahi website untuk menyediakan informasi yang relevan, sehingga pengguna tak lagi harus repot berpindah antar aplikasi. Tak ketinggalan, kini gambar berbasis AI juga bisa langsung dibuat dengan mudah menggunakan chatbot AI WhatsApp. Cukup deskripsikan secara mendetail gambar yang diinginkan, dan asisten AI akan mewujudkan gambar keinginan kamu menjadi nyata. Untuk membuat gambar AI melalui WhatsApp di HP, ikuti langkah-langkah berikut: Sementara itu, berikut cara membuat gambar AI di WhatsApp lewat komputer atau laptop: Terakhir, teknologi Meta AI juga memungkinkan pengguna untuk mengobrol dan bertanya dengan asisten virtual chatbot AI dalam grup. Tak perlu khawatir konten percakapan dalam grup terekam sistem Meta AI, karena Meta AI hanya akan membaca dan merespon percakapan yang menyebut @Meta AI. Berikut cara bertanya pada Meta AI dalam grup chat: Itu dia ulasan mengenai 4 fitur chatbot Meta AI terbaru yang diluncurkan oleh WhatsApp. Kalau detikers paling penasaran dengan fitur yang mana nih?",N/A,Fathia Ariana Salima,N/A,"whatsapp,ai,artificial intelligence",https://awsimages.detik.net.id/api/wm/2023/06/27/ilustrasi-chat-whatsapp_169.jpeg?wid=54&w=650&v=1&t=jpeg,
https://www.ui.ac.id/,N/A,N/A,N/A,N/A,N/A,N/A,N/A,N/A,N/A
https://www.ugm.ac.id,Universitas Gadjah Mada,"Universitas Gadjah Mada adalah universitas berkelas dunia yang mengedepankan pengajaran, pembelajaran, riset unggul dan inovatif, mengabdi untuk kemajuan bangsa","UGM memiliki 18 fakultas dan 2 sekolah yang menyelenggarakan program sarjana, sarjana terapan, pascasarjana, profesi, spesialis, serta program internasional. Ragam bidang ilmu di UGM dikelompokkan menjadi 4 klaster, yakni kesehatan, sains dan teknologi, agrokompleks, dan sosiohumaniora.
 UGM memiliki 18 fakultas dan 2 sekolah yang menyelenggarakan program sarjana, sarjana terapan, pascasarjana, profesi, spesialis, serta program internasional. Ragam bidang ilmu di UGM dikelompokkan menjadi 4 klaster, yakni kesehatan, sains dan teknologi, agrokompleks, dan sosiohumaniora. 
                                        Persyaratan dan prosedur pendaftaran masuk UGM meliputi jenjang Sarjana, Magister, Doktoral dan Spesialis, Subspesialis dan Profesi.                                     
                                        UGM memberikan kesempatan seluas-luasnya bagi mahasiswa untuk memperoleh beasiswa. Komponen bantuan yang diberikan dapat berupa biaya pendidikan, biaya hidup, atau biaya untuk keperluan lain.                                     
                                        UGM menyediakan beragam fasilitas guna mendukung lingkungan belajar yang nyaman, suportif, dan kondusif. Fasilitas penunjang ini meliputi transportasi internal kampus yang ramah lingkungan, ruang hijau untuk berbagai kegiatan, klinik kesehatan, dan masih banyak lagi.                                     
                                        UGM memiliki 18 fakultas dan 2 sekolah, dengan lebih dari 280 program studi dan lebih dari 20 pusat studi. Berbagai lembaga pemeringkatan menempatkan UGM sebagai salah satu perguruan tinggi terbaik di Indonesia.                                     
                                            Persyaratan dan prosedur pendaftaran masuk UGM meliputi jenjang Sarjana, Magister, Doktoral dan Spesialis, Subspesialis dan Profesi.                                         
                                            UGM memberikan kesempatan seluas-luasnya bagi mahasiswa untuk memperoleh beasiswa. Komponen bantuan yang diberikan dapat berupa biaya pendidikan, biaya hidup, atau biaya untuk keperluan lain.                                         
                                            UGM menyediakan beragam fasilitas guna mendukung lingkungan belajar yang nyaman, suportif, dan kondusif. Fasilitas penunjang ini meliputi transportasi internal kampus yang ramah lingkungan, ruang hijau untuk berbagai kegiatan, klinik kesehatan, dan masih banyak lagi.                                         
                                            UGM memiliki 18 fakultas dan 2 sekolah, dengan lebih dari 280 program studi dan lebih dari 20 pusat studi. Berbagai lembaga pemeringkatan menempatkan UGM sebagai salah satu perguruan tinggi terbaik di Indonesia.                                         Sebagai Universitas Riset Berkelas Dunia, Universitas Gadjah Mada memberikan perhatian khusus terhadap kegiatan-kegiatan penelitian serta mendorong dosen dan mahasiswa untuk melakukan dan mengembangkan berbagai penelitian yang berorientasi untuk memenuhi kebutuhan bangsa. UGM secara konsisten dan sistematik sejak tahun pendiriannya pada 1949 berjuang bersama rakyat hingga akar rumput untuk membangun dan menyejahterakan Indonesia melalui pengabdian kepada masyarakat berbasis riset di tingkat nasional maupun internasional dengan prinsip-prinsip pembangunan berkelanjutan. 
                                            Merupakan wujud nyata kontribusi UGM terhadap Indonesia. Setiap tahunnya, ribuan mahasiswa diterjunkan ke seluruh penjuru tanah air untuk mengabdi dan berpartisipasi dalam pengembangan masyarakat.                                         
                                            Merupakan jaringan organisasi pendidikan formal, nonformal, dan informal yang ada, yang dimobilisasi untuk menyampaikan pendidikan untuk pembangunan berkelanjutan (ESD) kepada masyarakat lokal dan regional.                                         Universitas Gadjah Mada resmi menjalin kerja sama di bidang Pendidikan dengan Universitas Qatar (QU), Minggu (26/5) di Qatar. Kesepakatan kerja sama ini ditandai dengan penandatanganan Nota Kesepahaman Bersama antara Rektor UGM Prof. dr. Ova Emilia, M.Med.Ed., Sp. OG(K)., Ph.D., dengan Dr. Omar Mohamed Al-Ansari selaku Rektor Qatar University, disaksikan Duta Besar Republik Indonesia untuk Qatar, […]
 Universitas Gadjah Mada resmi menjalin kerja sama di bidang Pendidikan dengan Universitas Qatar (QU), Minggu (26/5) di Qatar. Kesepakatan kerja sama ini ditandai dengan penandatanganan Nota Kesepahaman Bersama antara Rektor UGM Prof. dr. Ova Emilia, M.Med.Ed., Sp. OG(K)., Ph.D., dengan Dr. Omar Mohamed Al-Ansari selaku Rektor Qatar University, disaksikan Duta Besar Republik Indonesia untuk Qatar, […] Universitas Gadjah Mada (UGM), diwakili oleh peneliti Pusat Studi Energi, Pusat Studi Lingkungan Hidup, Fakultas Teknik dan Fakultas Geografi bekerja sama dengan Artha Graha Peduli (AGP) dan Forum Peduli Mangrove Bali (FPM-B) menggelar workshop Side Event World Water Forum (WWF) ke-10 yang bertajuk “Water-Energy Nexus, Achieving SDGs” di Telaga Waja, di Tanjung Benoa Mangrove Rehabilitation […]
 Universitas Gadjah Mada (UGM), diwakili oleh peneliti Pusat Studi Energi, Pusat Studi Lingkungan Hidup, Fakultas Teknik dan Fakultas Geografi bekerja sama dengan Artha Graha Peduli (AGP) dan Forum Peduli Mangrove Bali (FPM-B) menggelar workshop Side Event World Water Forum (WWF) ke-10 yang bertajuk “Water-Energy Nexus, Achieving SDGs” di Telaga Waja, di Tanjung Benoa Mangrove Rehabilitation […] Produk desa yang kaya akan kearifan lokal dipercaya mampu mendongkrak eksistensi suatu negara. Di Indonesia ada sebuah model wirausaha baru yang sedang berkembang untuk dapat meningkatkan kemandirian dan kewibawaan produk desa menjadi ikon dunia, yaitu Global Gotong Royong (G2R) Tetrapreneur. Program ini merupakan inovasi solidaritas gerakan gotong royong dan wirausaha desa yang bertujuan membawa kearifan […]
 Produk desa yang kaya akan kearifan lokal dipercaya mampu mendongkrak eksistensi suatu negara. Di Indonesia ada sebuah model wirausaha baru yang sedang berkembang untuk dapat meningkatkan kemandirian dan kewibawaan produk desa menjadi ikon dunia, yaitu Global Gotong Royong (G2R) Tetrapreneur. Program ini merupakan inovasi solidaritas gerakan gotong royong dan wirausaha desa yang bertujuan membawa kearifan […] Pelopor perguruan tinggi berkelas dunia yang unggul dan inovatif, mengabdi kepada kepentingan bangsa dan kemanusiaan. Mencetak mahasiswa berwawasan global dan berintegritas yang dilandasi nilai-nilai Pancasila. Alumni UGM tersebar di berbagai wilayah, berkiprah di tingkat nasional dan global. UNIVERSITAS GADJAH MADA
Bulaksumur Yogyakarta 55281
E: info@ugm.ac.id
P: +62(274)588688
F: +62(274)565223
WA: +628112869988 Bulaksumur, Caturtunggal, Kec. Depok, Kabupaten Sleman, Daerah Istimewa Yogyakarta 55281 @ UNIVERSITAS GADJAH MADA 
Aturan Pengguna
Peta Kampus
Kontak
 Aksesibilitas",N/A,N/A,N/A,N/A,N/A,
https://usk.ac.id/,N/A,N/A,N/A,N/A,N/A,N/A,N/A,N/A,N/A
https://www.undip.ac.id/,Universitas Diponegoro - The Excellent Research University,"Universitas Diponegoro (UNDIP) adalah universitas negeri terkemuka di Jawa Tengah yang menawarkan berbagai program studi berkualitas di jenjang S1, S2, S3, dan profesi. Undip berkomitmen untuk menghasilkan lulusan yang unggul dan berdaya saing global.","
						Daftarkan diri Anda dan raih kesempatan untuk menjadi bagian dari Universitas Diponegoro!					 
						Temukan informasi lengkap tentang berbagai fasilitas yang tersedia di Universitas Diponegoro					 
						Temukan peluang beasiswa untuk membantu berkuliah di Universitas Diponegoro!					 
						Informasi lengkap mengenai jadwal perkuliahan, ujian, dan libur di Universitas Diponegoro					 
						Akses berbagai layanan UNDIP dengan mudah hanya dengan satu akun					 
						Ruang Berbagi Cerita dan Pengalaman					 Menerbitkan berbagai jurnal ilmiah yang menyediakan konten dan sumber artikel berkualitas tinggi yang mendorong penemuan dan kemajuan ilmiah paling berdampak di dunia.  Perpustakaan UNDIP memiliki berbagai macam literatur yang mendukung kegiatan pembelajaran, penelitian dan pengabdian (Tri Dharma Perguruan Tinggi). Dalam dunia digital, live chat hadir untuk membantu segala hal tentang UNDIP, akan dengan mudah kamu temukan di ujung jari. Memfasilitasi kerjasama internasional untuk mendukung mobilitas mahasiswa, dosen, dan peneliti, serta mendorong pertukaran budaya dan pengetahuan antara UNDIP dan mitra internasional. Siaran Pers tentang Pengumuman perihal UKT dan SPI di Universitas Diponegoro tahun 2024 dapat diunduh DISINI Direktorat Inovasi dan Kerjasama Industri Universitas Diponegoro (Dirinovki UNDIP) memiliki komitmen kuat dalam meningkatkan dan memperluas Kerja Sama, Relevansi, Hilirisasi dan Komersialisasi Hasil Riset Rektor Universitas Diponegoro (UNDIP) Prof. Dr. Suharnomo, S.E., M.Si., menerima kunjungan dari sejumlah mahasiswa yang merupakan anggota dari UKM PSHT (Persaudaraan Setia Hati Terate) LPPM UNDIP berperan dalam memfasilitasi dan mengembangkan kegiatan penelitian dan pengabdian masyarakat yang dilakukan oleh dosen, mahasiswa, dan staf UNDIP. LPPM UNDIP berkomitmen untuk memainkan peran utama dalam mendorong penelitian dan pengabdian masyarakat yang berdampak positif bagi kehidupan masyarakat di Indonesia dan seluruh dunia. LP2MP bertugas untuk melakukan operasionalisasi sistem penjaminan mutu internal agar tercapai standar mutu pendidikan yang diharapkan. LP2MP juga bertugas untuk melakukan proses seleksi penerimaan mahasiswa baru agar mendapatkan calon mahasiswa yang memenuhi standar kualitas yang diharapkan oleh universitas. 
				“Universitas Diponegoro sebagai institusi pendidikan tinggi di Indonesia berkomitmen dalam melaksanakan berbagai program terkait SDGs. Seluruh fakultas, sekolah dan unit lain di Undip telah menyusun program dan kegiatan untuk mencapai 17 tujuan dalam SDGs. Hal ini dalam rangka mendukung komitmen Pemerintah Indonesia dalam mencapai target nasional SDGs.”			 Jl. Prof. Soedarto, SH., Tembalang, Semarang 50275Telp : 024 – 7460036Email : humas[at]live.undip.ac.id Copyright © Universitas Diponegoro | 2024",N/A,undip,N/A,N/A,https://www.undip.ac.id/wp-content/uploads/2023/11/logo-undip.jpg,
https://www.usu.ac.id/id,Beranda | Universitas Sumatera utara,"Situs Website Resmi Univeristas Sumatera Utara - Universitas Sumatera Utara adalah universitas negeri terkemuka di Medan, Sumatera Utara, Indonesia yang didirikan pada 14 Juni 1952.","Selamat datang di Website Riset Unggulan Universitas Sumatera Utara (USU) adalah universitas negeri yang terletak di Medan, Sumatera Utara, Indonesia. USU berdiri dengan nama Yayasan Universitet Sumatera Utara pada 4 Juni 1952. Pendidikan Pendidikan adalah salah satu kunci terpenting bagi bangsa dan negara untuk bertahan dalam persaingan global dan merupakan bidang kesejahteraan nasional yang paling strategis. Sumber daya manusia (SDM) yang cerdas dan berkarakter merupakan prasyarat bagi pembangunan peradaban yang tinggi. Universitas Sumatera Utara (USU) berusaha memajukan SDM di Indonesia melalui pendidikan berkualitas guna menyejahterakan bangsa dan negara. Tersedia berbagai program pendidikan vokasi, sarjana, profesi, magister, spesialis, sub spesialis dan doktoral yang dapat Anda pilih sesuai minat dan bakat untuk mendukung karier dan keahlian profesional Anda pada masa depan. Program Diploma Program Vokasi USU menawarkan berbagai bidang studi jenjang pendidikan diploma yang berfokus pada pengalaman nyata dan keterampilan praktis yang dibutuhkan dalam dunia kerja. Program Sarjana Program Sarjana USU memberikan pendidikan mendalam pada bidang studi yang dipilih untuk mengembangkan pengetahuan, keterampilan, dan pemikiran analitis untuk sukses di karier dan kehidupan. Program Profesi Program Profesi USU menawarkan bidang studi tertentu untuk melatih praktisi dengan pengetahuan mendalam, keterampilan praktis, dan etika professional untuk menghasilkan lulusan dengan memiliki keahlian khusus dalam karier yang spesifik. Program Magister Program Magister USU menawarkan bidang studi dengan pendalaman pengetahuan dan penelitian untuk membekali mahasiswa dengan keterampilan lanjutan untuk berkontribusi pada pemecahan masalah kompleks dan inovasi Program Doktoral Program Doktoral menawarkan bidang studi yang membawa mahasiswa ke tingkat keahlian tertinggi untuk mempersiapkan lulusan sebagai pemimpin dan kontributor utama dalam penelitian dan inovasi ilmiah Program Spesialis dan Sub Spesialis Program Spesialis dan Sub Spesialis menawarkan bidang studi yang memberikan pendidikan dan pelatihan klinis lanjutan dalam bidang medis untuk menjadikan lulusan yang terampil dalam diagnosis, pengobatan, dan manajemen kondisi kesehatan kompleks. Penelitian Universitas Sumatera Utara, penelitian tentang teknologi, kesehatan dan masyarakat menjadi satu. Pengabdian Masyarakat Universitas berkomitmen untuk menerapkan penelitian terbaru dalam kontribusi sosial. Kampus Merdeka Universitas berkomitmen untuk menerapkan penelitian terbaru ke dalam kehidupan kerja dan memecahkan masalah kecil dan besar. Explore a vibrant academic community at our university, welcoming international students with open arms. Embrace a dynamic learning environment where diverse backgrounds enrich the educational experience. Join us in fostering cultural exchange and understanding as we build a supportive global community. Welcome to an inclusive journey of education at our university. Selamat datang di komunitas universitas kami! Bagi mahasiswa baru, kami siap menyediakan sumber daya dan dukungan untuk memastikan kesuksesan akademis dan pengembangan pribadi Anda. Temui dosen berkualitas, nikmati keberagaman kurikulum, dan rasakan atmosfer kampus yang dinamis. Selamat menjalani perjalanan pendidikan yang seru dan bermakna di universitas kami! Pengumuman Kegiatan Universitas Universitas Sumatera Utara aktif dalam menjalankan kegiatan penelitian, Kampus Merdeka, dan pengabdian masyarakat. Melalui penelitian, kami mengembangkan pengetahuan baru yang bermanfaat, sementara program Kampus Merdeka memberikan pengalaman belajar yang luas bagi mahasiswa. Pengabdian masyarakat kami juga memberikan dampak positif kepada masyarakat sekitar, membantu memecahkan berbagai masalah sosial. Agenda Kegiatan Agenda Akademik Belum ada agenda yang akan datang, coba untuk menghubungi Unit Layanan Terpadu USU. Agenda Mendatang Belum ada agenda yang akan datang, coba untuk menghubungi Unit Layanan Terpadu USU. 28 Mei 2024 Mei 2024 Agenda Belum ada Agenda Kegiatan Copyright 2023 - Universitas Sumatera Utara",N/A,N/A,N/A,"Universitas Sumatera Utara, USU, Informasi USU, Berita USU, Kalender Akademik, Pendidikan, Penelitian, Agenda Kegiatan",/images/compressed/icons/usu-180x180.png,
